number,name,text,reverse,label,scale,Column1
1,A1,Am indifferent to the feelings of others. ,-1,A1: Am indifferent to the feelings of others. ,Agreeableness,A1r
2,A2,Inquire about others' well-being. ,1,A2: Inquire about others' well-being. ,Agreeableness,A2r
3,A3,Know how to comfort others. ,1,A3: Know how to comfort others. ,Agreeableness,A3r
4,A4,Love children. ,1,A4: Love children. ,Agreeableness,A4r
5,A5,Make people feel at ease. ,1,A5: Make people feel at ease. ,Agreeableness,A5r
6,C1,Am exacting in my work. ,1,C1: Am exacting in my work. ,Conscientiousness,C1r
7,C2,Continue until everything is perfect. ,1,C2: Continue until everything is perfect. ,Conscientiousness,C2r
8,C3,Do things according to a plan. ,1,C3: Do things according to a plan. ,Conscientiousness,C3r
9,C4,Do things in a half-way manner. ,-1,C4: Do things in a half-way manner. ,Conscientiousness,C4r
10,C5,Waste my time. ,-1,C5: Waste my time. ,Conscientiousness,C5r
11,E1,Don't talk a lot. ,-1,E1: Don't talk a lot. ,Extraversion,E1r
12,E2,Find it difficult to approach others. ,-1,E2: Find it difficult to approach others. ,Extraversion,E2r
13,E3,Know how to captivate people. ,1,E3: Know how to captivate people. ,Extraversion,E3r
14,E4,Make friends easily. ,1,E4: Make friends easily. ,Extraversion,E4r
15,E5,Take charge. ,1,E5: Take charge. ,Extraversion,E5r
16,N1,Get angry easily. ,1,N1: Get angry easily. ,Neuroticism,N1r
17,N2,Get irritated easily. ,1,N2: Get irritated easily. ,Neuroticism,N2r
18,N3,Have frequent mood swings. ,1,N3: Have frequent mood swings. ,Neuroticism,N3r
19,N4,Often feel blue. ,1,N4: Often feel blue. ,Neuroticism,N4r
20,N5,Panic easily. ,1,N5: Panic easily. ,Neuroticism,N5r
21,O1,Am full of ideas. ,1,O1: Am full of ideas. ,Openness,O1r
22,O2,Avoid difficult reading material.,-1,O2: Avoid difficult reading material.,Openness,O2r
23,O3,Carry the conversation to a higher level. ,1,O3: Carry the conversation to a higher level. ,Openness,O3r
24,O4,Spend time reflecting on things. ,1,O4: Spend time reflecting on things. ,Openness,O4r
25,O5,Will not probe deeply into a subject. ,-1,O5: Will not probe deeply into a subject. ,Openness,O5r